{
  "220502125719744221": {
    "allergenId": "220502125719744221",
    "serialize": false
  },
  "220502125746023566": {
    "allergenName": "",
    "allergenId": "220502125746023566",
    "serialize": true
  },
  "220502012131214804": {
    "allergenName": "penicilin",
    "allergenId": "220502012131214804",
    "serialize": true
  },
  "220502012131430395": {
    "allergenName": "brufen",
    "allergenId": "220502012131430395",
    "serialize": true
  },
  "220502012131436154": {
    "allergenName": "ambrozija",
    "allergenId": "220502012131436154",
    "serialize": true
  },
  "220502012131442050": {
    "allergenName": "polen",
    "allergenId": "220502012131442050",
    "serialize": true
  },
  "220502012131447016": {
    "allergenName": "med",
    "allergenId": "220502012131447016",
    "serialize": true
  }
}