{
  "220430012717523856": {
    "answers": {
      "Ocenite profesionalnost lekara:": 5,
      "Ocenite ljubaznost lekara:": 4,
      "Ocenite komunikaciju sa lekarom:": 4,
      "Ocenite kooperativnost lekara:": 5,
      "Da li ste zadovoljni pregledom?": 5
    },
    "comment": "",
    "submissionTime": "2022-05-13T22:27:20.0410079+02:00",
    "patient": {
      "userID": "3"
    },
    "doctor": {
      "userID": "2"
    },
    "loggedAppointment": {
      "id": "220430012717523856",
      "serialize": false
    },
    "surveyId": "220430012717523856",
    "averageGrade": 5.0
  },
  "220505072519699880": {
    "answers": {
      "Ocenite profesionalnost lekara:": 2,
      "Ocenite ljubaznost lekara:": 4,
      "Ocenite komunikaciju sa lekarom:": 3,
      "Ocenite kooperativnost lekara:": 2,
      "Da li ste zadovoljni pregledom?": 3
    },
    "comment": "Solidno.",
    "submissionTime": "2022-05-13T22:32:29.343965+02:00",
    "patient": {
      "userID": "1"
    },
    "doctor": {
      "userID": "2"
    },
    "loggedAppointment": {
      "id": "220505072519699880",
      "serialize": false
    },
    "surveyId": "220505072519699880",
    "averageGrade": 4.0
  },
  "220428112924116517": {
    "answers": {
      "Ocenite profesionalnost lekara:": 2,
      "Ocenite ljubaznost lekara:": 4,
      "Ocenite komunikaciju sa lekarom:": 3,
      "Ocenite kooperativnost lekara:": 5,
      "Da li ste zadovoljni pregledom?": 4
    },
    "comment": "ok",
    "submissionTime": "2022-05-14T15:32:04.7336596+02:00",
    "patient": {
      "userID": "1"
    },
    "doctor": {
      "userID": "2"
    },
    "loggedAppointment": {
      "id": "220428112924116517",
      "serialize": false
    },
    "surveyId": "220428112924116517",
    "averageGrade": 3.6
  },
  "220428105502033340": {
    "answers": {
      "Ocenite profesionalnost lekara:": 5,
      "Ocenite ljubaznost lekara:": 5,
      "Ocenite komunikaciju sa lekarom:": 5,
      "Ocenite kooperativnost lekara:": 5,
      "Da li ste zadovoljni pregledom?": 5
    },
    "comment": "Sjajan lekar.",
    "submissionTime": "2022-05-14T16:08:13.8606705+02:00",
    "patient": {
      "userID": "1"
    },
    "doctor": {
      "userID": "2"
    },
    "loggedAppointment": {
      "id": "220428105502033340",
      "serialize": false
    },
    "surveyId": "220428105502033340",
    "averageGrade": 5.0
  },
  "220514053307296656": {
    "answers": {
      "Ocenite profesionalnost lekara:": 5,
      "Ocenite ljubaznost lekara:": 5,
      "Ocenite komunikaciju sa lekarom:": 5,
      "Ocenite kooperativnost lekara:": 5,
      "Da li ste zadovoljni pregledom?": 5
    },
    "comment": "okej",
    "submissionTime": "2022-05-14T18:11:06.5524413+02:00",
    "patient": {
      "userID": "3"
    },
    "doctor": {
      "userID": "2"
    },
    "loggedAppointment": {
      "id": "220514053307296656",
      "serialize": false
    },
    "surveyId": "220514053307296656",
    "averageGrade": 5.0
  },
  "220514050627269860": {
    "answers": {
      "Ocenite profesionalnost lekara:": 5,
      "Ocenite ljubaznost lekara:": 5,
      "Ocenite komunikaciju sa lekarom:": 5,
      "Ocenite kooperativnost lekara:": 5,
      "Da li ste zadovoljni pregledom?": 5
    },
    "comment": "Okeeeeej",
    "submissionTime": "2022-05-14T18:44:32.0033249+02:00",
    "patient": {
      "userID": "5"
    },
    "doctor": {
      "userID": "2"
    },
    "loggedAppointment": {
      "id": "220514050627269860",
      "serialize": false
    },
    "surveyId": "220514050627269860",
    "averageGrade": 5.0
  },
  "220514081432175534": {
    "answers": {
      "Ocenite profesionalnost lekara:": 5,
      "Ocenite ljubaznost lekara:": 5,
      "Ocenite komunikaciju sa lekarom:": 5,
      "Ocenite kooperativnost lekara:": 5,
      "Da li ste zadovoljni pregledom?": 5
    },
    "comment": "okeeeej",
    "submissionTime": "2022-05-14T20:19:38.7811333+02:00",
    "patient": {
      "userID": "5"
    },
    "doctor": {
      "userID": "2"
    },
    "loggedAppointment": {
      "id": "220514081432175534",
      "serialize": false
    },
    "surveyId": "220514081432175534",
    "averageGrade": 5.0
  },
  "220514090425016660": {
    "answers": {
      "Ocenite profesionalnost lekara:": 5,
      "Ocenite ljubaznost lekara:": 5,
      "Ocenite komunikaciju sa lekarom:": 5,
      "Ocenite kooperativnost lekara:": 5,
      "Da li ste zadovoljni pregledom?": 5
    },
    "comment": "",
    "submissionTime": "2022-05-14T21:07:50.3236097+02:00",
    "patient": {
      "userID": "1"
    },
    "doctor": {
      "userID": "2"
    },
    "loggedAppointment": {
      "id": "220514090425016660",
      "serialize": false
    },
    "surveyId": "220514090425016660",
    "averageGrade": 5.0
  },
  "220514091258816402": {
    "answers": {
      "Ocenite profesionalnost lekara:": 5,
      "Ocenite ljubaznost lekara:": 5,
      "Ocenite komunikaciju sa lekarom:": 5,
      "Ocenite kooperativnost lekara:": 5,
      "Da li ste zadovoljni pregledom?": 5
    },
    "comment": "",
    "submissionTime": "2022-05-14T21:14:24.725754+02:00",
    "patient": {
      "userID": "5"
    },
    "doctor": {
      "userID": "2"
    },
    "loggedAppointment": {
      "id": "220514091258816402",
      "serialize": false
    },
    "surveyId": "220514091258816402",
    "averageGrade": 5.0
  },
  "220515094543448907": {
    "answers": {
      "Ocenite profesionalnost lekara:": 5,
      "Ocenite ljubaznost lekara:": 5,
      "Ocenite komunikaciju sa lekarom:": 5,
      "Ocenite kooperativnost lekara:": 5,
      "Da li ste zadovoljni pregledom?": 5
    },
    "comment": "Sve je super.",
    "submissionTime": "2022-05-15T09:47:36.0927866+02:00",
    "patient": {
      "userID": "3"
    },
    "doctor": {
      "userID": "2"
    },
    "loggedAppointment": {
      "id": "220515094543448907",
      "serialize": false
    },
    "surveyId": "220515094543448907",
    "averageGrade": 5.0
  },
  "220515095236974914": {
    "answers": {
      "Ocenite profesionalnost lekara:": 4,
      "Ocenite ljubaznost lekara:": 4,
      "Ocenite komunikaciju sa lekarom:": 4,
      "Ocenite kooperativnost lekara:": 3,
      "Da li ste zadovoljni pregledom?": 4
    },
    "comment": "Okk",
    "submissionTime": "2022-05-15T09:54:16.9740261+02:00",
    "patient": {
      "userID": "3"
    },
    "doctor": {
      "userID": "2"
    },
    "loggedAppointment": {
      "id": "220515095236974914",
      "serialize": false
    },
    "surveyId": "220515095236974914",
    "averageGrade": 3.8
  },
  "220515095612000816": {
    "answers": {
      "Ocenite profesionalnost lekara:": 4,
      "Ocenite ljubaznost lekara:": 5,
      "Ocenite komunikaciju sa lekarom:": 4,
      "Ocenite kooperativnost lekara:": 5,
      "Da li ste zadovoljni pregledom?": 4
    },
    "comment": "Solidno.",
    "submissionTime": "2022-05-15T09:57:41.527478+02:00",
    "patient": {
      "userID": "5"
    },
    "doctor": {
      "userID": "3"
    },
    "loggedAppointment": {
      "id": "220515095612000816",
      "serialize": false
    },
    "surveyId": "220515095612000816",
    "averageGrade": 4.4
  },
  "220515100609151972": {
    "answers": {
      "Ocenite profesionalnost lekara:": 5,
      "Ocenite ljubaznost lekara:": 5,
      "Ocenite komunikaciju sa lekarom:": 5,
      "Ocenite kooperativnost lekara:": 5,
      "Da li ste zadovoljni pregledom?": 5
    },
    "comment": "Najbolji lekar.",
    "submissionTime": "2022-05-15T10:07:20.4908789+02:00",
    "patient": {
      "userID": "5"
    },
    "doctor": {
      "userID": "4"
    },
    "loggedAppointment": {
      "id": "220515100609151972",
      "serialize": false
    },
    "surveyId": "220515100609151972",
    "averageGrade": 5.0
  },
  "220515102535105133": {
    "answers": {
      "Ocenite profesionalnost lekara:": 4,
      "Ocenite ljubaznost lekara:": 4,
      "Ocenite komunikaciju sa lekarom:": 4,
      "Ocenite kooperativnost lekara:": 4,
      "Da li ste zadovoljni pregledom?": 4
    },
    "comment": "Nije lose.",
    "submissionTime": "2022-05-15T10:26:57.1690711+02:00",
    "patient": {
      "userID": "3"
    },
    "doctor": {
      "userID": "4"
    },
    "loggedAppointment": {
      "id": "220515102535105133",
      "serialize": false
    },
    "surveyId": "220515102535105133",
    "averageGrade": 4.0
  },
  "220522075819061569": {
    "answers": {
      "Ocenite profesionalnost lekara:": 5,
      "Ocenite ljubaznost lekara:": 5,
      "Ocenite komunikaciju sa lekarom:": 5,
      "Ocenite kooperativnost lekara:": 5,
      "Da li ste zadovoljni pregledom?": 5
    },
    "comment": "Legenda je",
    "submissionTime": "2022-05-22T20:02:01.4019325+02:00",
    "patient": {
      "userID": "1"
    },
    "doctor": {
      "userID": "2"
    },
    "loggedAppointment": {
      "id": "220522075819061569",
      "serialize": false
    },
    "surveyId": "220522075819061569",
    "averageGrade": 5.0
  }
}