{
  "2": {
    "licenceNumber": null,
    "averageGrade": 4.7,
    "specialization": {
      "SpecializationName": "Cardiologist",
      "Id": "220515065834419036",
      "Serialize": true
    },
    "username": "doktor2",
    "password": "d2",
    "name": "Zoran",
    "surname": "Milanovic",
    "doB": "0001-01-01T00:00:00",
    "phoneNum": null,
    "email": null,
    "userID": "2",
    "isGuest": false,
    "serialize": true,
    "address": null
  },
  "3": {
    "licenceNumber": null,
    "averageGrade": 4.4,
    "specialization": {
      "SpecializationName": "Dermatologist",
      "Id": "220515065834420824",
      "Serialize": true
    },
    "username": "doktor3",
    "password": "d3",
    "name": "Goran",
    "surname": "Domski",
    "doB": "0001-01-01T00:00:00",
    "phoneNum": null,
    "email": null,
    "userID": "3",
    "isGuest": false,
    "serialize": true,
    "address": null
  },
  "4": {
    "licenceNumber": null,
    "averageGrade": 4.5,
    "specialization": {
      "SpecializationName": "Cardiologist",
      "Id": "220515065834419036",
      "Serialize": true
    },
    "username": "doktor4",
    "password": "d4",
    "name": "Ivo",
    "surname": "Sivo",
    "doB": "0001-01-01T00:00:00",
    "phoneNum": null,
    "email": null,
    "userID": "4",
    "isGuest": false,
    "serialize": true,
    "address": null
  },
  "5": {
    "licenceNumber": null,
    "averageGrade": 0.0,
    "specialization": {
      "SpecializationName": "Neurologist",
      "Id": "220515065834420837",
      "Serialize": true
    },
    "username": "doktor5",
    "password": "d5",
    "name": "Vojko",
    "surname": "V",
    "doB": "0001-01-01T00:00:00",
    "phoneNum": null,
    "email": null,
    "userID": "5",
    "isGuest": false,
    "serialize": true,
    "address": null
  }
}