{
  "220418012942230736": {
    "startDate": "2022-04-20T00:00:00",
    "endDate": "2022-05-10T00:00:00",
    "shift": {
      "startTime": "07:00:00",
      "endTime": "15:00:00"
    },
    "doctor": {
      "userID": "4"
    },
    "id": "220418012942230736"
  },
  "220418012942236130": {
    "startDate": "2022-05-11T00:00:00",
    "endDate": "2022-05-30T00:00:00",
    "shift": {
      "startTime": "15:00:00",
      "endTime": "23:00:00"
    },
    "doctor": {
      "userID": "4"
    },
    "id": "220418012942236130"
  },
  "220418012942236199": {
    "startDate": "2022-05-31T00:00:00",
    "endDate": "2022-06-15T00:00:00",
    "shift": {
      "startTime": "23:00:00",
      "endTime": "07:00:00"
    },
    "doctor": {
      "userID": "4"
    },
    "id": "220418012942236199"
  },
  "220418012942236206": {
    "startDate": "2022-04-20T00:00:00",
    "endDate": "2022-05-10T00:00:00",
    "shift": {
      "startTime": "15:00:00",
      "endTime": "23:00:00"
    },
    "doctor": {
      "userID": "2"
    },
    "id": "220418012942236206"
  },
  "220418012942236209": {
    "startDate": "2022-05-11T00:00:00",
    "endDate": "2022-05-30T00:00:00",
    "shift": {
      "startTime": "07:00:00",
      "endTime": "15:00:00"
    },
    "doctor": {
      "userID": "2"
    },
    "id": "220418012942236209"
  },
  "220418012942236212": {
    "startDate": "2022-05-31T00:00:00",
    "endDate": "2022-06-15T00:00:00",
    "shift": {
      "startTime": "23:00:00",
      "endTime": "07:00:00"
    },
    "doctor": {
      "userID": "2"
    },
    "id": "220418012942236212"
  },
  "220418012942236218": {
    "startDate": "2022-04-20T00:00:00",
    "endDate": "2022-05-10T00:00:00",
    "shift": {
      "startTime": "15:00:00",
      "endTime": "23:00:00"
    },
    "doctor": {
      "userID": "3"
    },
    "id": "220418012942236218"
  },
  "220418012942236221": {
    "startDate": "2022-05-11T00:00:00",
    "endDate": "2022-05-30T00:00:00",
    "shift": {
      "startTime": "07:00:00",
      "endTime": "15:00:00"
    },
    "doctor": {
      "userID": "3"
    },
    "id": "220418012942236221"
  },
  "220418012942236224": {
    "startDate": "2022-05-31T00:00:00",
    "endDate": "2022-06-15T00:00:00",
    "shift": {
      "startTime": "23:00:00",
      "endTime": "07:00:00"
    },
    "doctor": {
      "userID": "3"
    },
    "id": "220418012942236224"
  }
}