{
  "14.5.2022. 00:39:023": {
    "answers": {
      "Ocenite profesionalnost našeg osoblja:": 2,
      "Ocenite higijenu naše ustanove:": 3,
      "Ocenite kvalitet hrane u našoj ustanovi:": 4,
      "Ocenite organizaciju naše ustanove:": 4,
      "Ocenite rad naše aplikacije:": 3
    },
    "comment": "ggg",
    "submissionTime": "2022-05-14T00:39:02.7171079+02:00",
    "patient": {
      "userID": "3"
    },
    "surveyId": "14.5.2022. 00:39:023"
  },
  "14.5.2022. 14:38:061": {
    "answers": {
      "Ocenite profesionalnost našeg osoblja:": 4,
      "Ocenite higijenu naše ustanove:": 3,
      "Ocenite kvalitet hrane u našoj ustanovi:": 5,
      "Ocenite organizaciju naše ustanove:": 3,
      "Ocenite rad naše aplikacije:": 4
    },
    "comment": "Okej je.",
    "submissionTime": "2022-05-14T14:38:06.0251946+02:00",
    "patient": {
      "userID": "1"
    },
    "surveyId": "14.5.2022. 14:38:061"
  },
  "5/22/2022 8:03:02 PM1": {
    "answers": {
      "Ocenite profesionalnost našeg osoblja:": 4,
      "Ocenite higijenu naše ustanove:": 3,
      "Ocenite kvalitet hrane u našoj ustanovi:": 5,
      "Ocenite organizaciju naše ustanove:": 4,
      "Ocenite rad naše aplikacije:": 4
    },
    "comment": "ok",
    "submissionTime": "2022-05-22T20:03:02.8643932+02:00",
    "patient": {
      "userID": "1"
    },
    "surveyId": "5/22/2022 8:03:02 PM1"
  }
}