{
  "220512013047300939": {
    "ingredientName": "celuloza mikrokristalna",
    "ingredientId": "220512013047300939",
    "serialize": true
  },
  "220512013047305922": {
    "ingredientName": "kroskarmeloza-natrijum",
    "ingredientId": "220512013047305922",
    "serialize": true
  },
  "220512013047305976": {
    "ingredientName": "povidon K-30",
    "ingredientId": "220512013047305976",
    "serialize": true
  },
  "220512013047305981": {
    "ingredientName": "silicijum-dioksid",
    "ingredientId": "220512013047305981",
    "serialize": true
  },
  "220512013047305984": {
    "ingredientName": "magnezijum-stearat",
    "ingredientId": "220512013047305984",
    "serialize": true
  },
  "220512013047305987": {
    "ingredientName": "jod",
    "ingredientId": "220512013047305987",
    "serialize": true
  },
  "220512013047305990": {
    "ingredientName": "penicilin",
    "ingredientId": "220512013047305990",
    "serialize": true
  }
}