{
  "1": {
    "inventoryID": "1",
    "name": "Sto",
    "amount": 60,
    "serialize": true,
    "inventoryType": 0,
    "InventoryTypeToString": "Potrosna"
  },
  "2": {
    "inventoryID": "2",
    "name": "Stolica",
    "amount": 50,
    "serialize": true,
    "inventoryType": 0,
    "InventoryTypeToString": "Potrosna"
  },
  "5": {
    "inventoryID": "5",
    "name": "Stetoskop",
    "amount": 19,
    "serialize": true,
    "inventoryType": 0,
    "InventoryTypeToString": "Potrosna"
  },
  "7": {
    "inventoryID": "7",
    "name": "Igla",
    "amount": 63,
    "serialize": true,
    "inventoryType": 0,
    "InventoryTypeToString": "Potrosna"
  },
  "8": {
    "inventoryID": "8",
    "name": "Solja",
    "amount": 18,
    "serialize": true,
    "inventoryType": 0,
    "InventoryTypeToString": "Potrosna"
  },
  "9": {
    "inventoryID": "9",
    "name": "Masina",
    "amount": 12,
    "serialize": true,
    "inventoryType": 1,
    "InventoryTypeToString": "Nepotrosna"
  },
  "10": {
    "inventoryID": "10",
    "name": "tiganj",
    "amount": 19,
    "serialize": true,
    "inventoryType": 0,
    "InventoryTypeToString": "Potrosna"
  },
  "432": {
    "inventoryID": "432",
    "name": "gaza",
    "amount": 32,
    "serialize": true,
    "inventoryType": 0,
    "InventoryTypeToString": "Potrosna"
  },
  "11": {
    "inventoryID": "11",
    "name": "Operaciona lampa",
    "amount": 32,
    "serialize": true,
    "inventoryType": 0,
    "InventoryTypeToString": "Potrosna"
  }
}