{
  "220522075819061569": {
    "startTime": "2022-05-23T07:00:00",
    "durationInMinutes": 10,
    "id": "220522075819061569",
    "patient": {
      "userID": "1"
    },
    "doctor": {
      "userID": "2"
    },
    "appointmentType": 1,
    "room": {
      "roomName": "SR",
      "roomType": 1
    },
    "description": "Ne brini brate",
    "diagnosis": "dobro je sve",
    "serialize": true
  },
  "220522080543375937": {
    "startTime": "2022-05-23T07:20:00",
    "durationInMinutes": 15,
    "id": "220522080543375937",
    "patient": {
      "userID": "1"
    },
    "doctor": {
      "userID": "2"
    },
    "appointmentType": 1,
    "room": {
      "roomName": "S1",
      "roomType": 1
    },
    "description": "kkkk",
    "diagnosis": "ooo",
    "serialize": true
  }
}