{
  "2": {
    "id": "2",
    "name": "Insulin",
    "amount": 255,
    "alternative": {
      "id": "1",
      "name": "Panadol",
      "serialize": false
    },
    "status": 0,
    "ingredients": [
      {
        "ingredientName": "povidon K-30",
        "ingredientId": "220512013047305976",
        "serialize": true
      },
      {
        "ingredientName": "silicijum-dioksid",
        "ingredientId": "220512013047305981",
        "serialize": true
      }
    ],
    "doctorsApprovalComment": "korektno",
    "serialize": true
  },
  "3": {
    "id": "3",
    "name": "Brufen",
    "amount": 523,
    "alternative": {
      "id": "1",
      "name": "Panadol",
      "serialize": false
    },
    "status": 1,
    "ingredients": [
      {
        "ingredientName": "povidon K-30",
        "ingredientId": "220512013047305976",
        "serialize": true
      },
      {
        "ingredientName": "silicijum-dioksid",
        "ingredientId": "220512013047305981",
        "serialize": true
      }
    ],
    "doctorsApprovalComment": "",
    "serialize": true
  },
  "4": {
    "id": "4",
    "name": "Xanax",
    "amount": 57,
    "alternative": {
      "id": "2",
      "name": "Insulin",
      "serialize": false
    },
    "status": 1,
    "ingredients": [],
    "doctorsApprovalComment": "",
    "serialize": true
  },
  "5": {
    "id": "5",
    "name": "Klometol",
    "amount": 93,
    "alternative": {
      "id": "1",
      "name": "Panadol",
      "serialize": false
    },
    "status": 1,
    "ingredients": [],
    "doctorsApprovalComment": "",
    "serialize": true
  },
  "6": {
    "id": "6",
    "name": "Vitamin C",
    "amount": 431,
    "alternative": {
      "id": "1",
      "name": "Panadol",
      "serialize": false
    },
    "status": 1,
    "ingredients": [
      {
        "ingredientName": "kroskarmeloza-natrijum",
        "ingredientId": "220512013047305922",
        "serialize": true
      },
      {
        "ingredientName": "povidon K-30",
        "ingredientId": "220512013047305976",
        "serialize": true
      },
      {
        "ingredientName": "silicijum-dioksid",
        "ingredientId": "220512013047305981",
        "serialize": true
      }
    ],
    "doctorsApprovalComment": "",
    "serialize": true
  },
  "7": {
    "id": "7",
    "name": "Oligovit20",
    "amount": 623,
    "alternative": {
      "id": "6",
      "name": "Vitamin C",
      "serialize": false
    },
    "status": 1,
    "ingredients": [
      {
        "ingredientName": "celuloza mikrokristalna",
        "ingredientId": "220512013047300939",
        "serialize": true
      },
      {
        "ingredientName": "povidon K-30",
        "ingredientId": "220512013047305976",
        "serialize": true
      },
      {
        "ingredientName": "silicijum-dioksid",
        "ingredientId": "220512013047305981",
        "serialize": true
      }
    ],
    "doctorsApprovalComment": "",
    "serialize": true
  }
}