{
  "220503071011599248": {
    "senderId": "1",
    "receiverId": "2",
    "title": "Popust",
    "message": "Tokom juna cene svih pregleda će biti snižene za 40%.\nSrdačan pozdrav!",
    "sentTime": "2022-05-03T19:10:11.5982741+02:00",
    "isRead": true,
    "id": "220503071011599248"
  },
  "220503071011603837": {
    "senderId": "2",
    "receiverId": "3",
    "title": "Pomeren pregled",
    "message": "Obaveštavamo Vas da je vaš pregled za sutra pomeren zbog opravdanog odsustava lekara.Naknadni termin će Vam biti javljen.\nSrdačan pozdrav!",
    "sentTime": "2022-05-03T19:10:11.603786+02:00",
    "isRead": true,
    "id": "220503071011603837"
  },
  "220503071011603860": {
    "senderId": "3",
    "receiverId": "2",
    "title": "Pomeren pregled",
    "message": "Obaveštavamo Vas da je vaš pregled za sutra pomeren zbog opravdanog odsustva lekara.Naknadni termin će Vam biti javljen.\nSrdačan pozdrav!",
    "sentTime": "2022-05-03T19:10:11.6038592+02:00",
    "isRead": true,
    "id": "220503071011603860"
  },
  "220503072049548273": {
    "senderId": "1",
    "receiverId": "1",
    "title": "Pomeren pregled",
    "message": "Obaveštavamo Vas da je vaš pregled za sutra pomeren zbog opravdanog odsustava lekara.Naknadni termin će Vam biti javljen.\nSrdačan pozdrav!",
    "sentTime": "2022-05-03T19:20:49.5472312+02:00",
    "isRead": true,
    "id": "220503072049548273"
  },
  "220504113744388835": {
    "senderId": "",
    "receiverId": "5",
    "title": "Podsetnik za terapiju",
    "message": "Vreme je da popijete Brufen 400mg. \nSrdačan pozdrav!",
    "sentTime": "2022-05-04T23:37:44.3888334+02:00",
    "isRead": true,
    "id": "220504113744388835"
  },
  "220504113744398605": {
    "senderId": "",
    "receiverId": "5",
    "title": "Podsetnik za terapiju",
    "message": "Vreme je da popijete Aspirin 200mg. \nSrdačan pozdrav!",
    "sentTime": "2022-05-04T23:37:44.3986038+02:00",
    "isRead": true,
    "id": "220504113744398605"
  },
  "220506010209372015": {
    "senderId": "",
    "receiverId": "2",
    "title": "Podsetnik za terapiju",
    "message": "Vreme je da popijete Septanazal sprej. \nSrdačan pozdrav!",
    "sentTime": "2022-05-06T01:02:09.3719727+02:00",
    "isRead": true,
    "id": "220506010209372015"
  },
  "220506011721952784": {
    "senderId": "",
    "receiverId": "2",
    "title": "Podsetnik za terapiju",
    "message": "Vreme je da popijete Paracetamol 400mg.\nSrdačan pozdrav!",
    "sentTime": "2022-05-06T01:17:21.9527819+02:00",
    "isRead": true,
    "id": "220506011721952784"
  },
  "220506090438859477": {
    "senderId": "",
    "receiverId": "2",
    "title": "Podsetnik za terapiju",
    "message": "Vreme je da popijete Paracetamol 400mg.\nSrdačan pozdrav!",
    "sentTime": "2022-05-06T09:04:38.8594743+02:00",
    "isRead": true,
    "id": "220506090438859477"
  },
  "220518105450640291": {
    "senderId": "",
    "receiverId": "1",
    "title": "Podsetnik za terapiju",
    "message": "Vreme je da popijete Brufen 400mg.\nSrdačan pozdrav!",
    "sentTime": "2022-05-18T22:54:50.6402885+02:00",
    "isRead": true,
    "id": "220518105450640291"
  }
}