{
  "1": {
    "isBanned": false,
    "theme": null,
    "language": null,
    "appointmentIDs": [],
    "allergens": [],
    "bloodType": 0,
    "gender": 0,
    "doctor": {
      "userID": "4"
    },
    "datesOfCanceledAppointments": [],
    "appointmentCancellationTimes": [
      "2022-05-22T20:04:17.3301738+02:00"
    ],
    "therapies": [
      {
        "doctor": {
          "userID": "2"
        },
        "startDate": "2022-05-03T00:00:00",
        "endDate": "2022-05-07T00:00:00",
        "description": "nista",
        "dailyFrequency": 3,
        "medicationNameAndDosage": "Brufen 400mg",
        "id": "220502111740041109"
      }
    ],
    "username": "pacijent1",
    "password": "p1",
    "name": "Bogdan",
    "surname": "Bogicevic",
    "doB": "1965-01-19T00:00:00",
    "phoneNum": "",
    "email": "",
    "userID": "1",
    "isGuest": false,
    "serialize": true,
    "address": null
  },
  "2": {
    "isBanned": false,
    "theme": null,
    "language": null,
    "appointmentIDs": [
      "220522075842047599"
    ],
    "allergens": [],
    "bloodType": 0,
    "gender": 0,
    "doctor": {
      "userID": "2"
    },
    "datesOfCanceledAppointments": [],
    "appointmentCancellationTimes": [],
    "therapies": [
      {
        "doctor": {
          "userID": "2"
        },
        "startDate": "2022-05-02T00:00:00",
        "endDate": "2022-05-09T00:00:00",
        "description": "po potrebi",
        "dailyFrequency": 3,
        "medicationNameAndDosage": "Paracetamol 400mg",
        "id": "220502112043200650"
      },
      {
        "doctor": {
          "userID": "2"
        },
        "startDate": "2022-05-02T00:00:00",
        "endDate": "2022-05-09T00:00:00",
        "description": "navece prije spavanja",
        "dailyFrequency": 1,
        "medicationNameAndDosage": "Septanazal sprej",
        "id": "220502112118544224"
      }
    ],
    "username": "pacijent2",
    "password": "p2",
    "name": "Ogi",
    "surname": "Ogicevic",
    "doB": "1999-06-15T00:00:00",
    "phoneNum": null,
    "email": null,
    "userID": "2",
    "isGuest": false,
    "serialize": true,
    "address": null
  },
  "3": {
    "isBanned": false,
    "theme": null,
    "language": null,
    "appointmentIDs": [],
    "allergens": [],
    "bloodType": 0,
    "gender": 0,
    "doctor": {
      "userID": "3"
    },
    "datesOfCanceledAppointments": [],
    "appointmentCancellationTimes": [],
    "therapies": [
      {
        "doctor": {
          "userID": "2"
        },
        "startDate": "2022-05-08T00:00:00",
        "endDate": "2022-05-20T00:00:00",
        "description": "Samo deri",
        "dailyFrequency": 3,
        "medicationNameAndDosage": "Xanax",
        "id": "220505072719921746"
      }
    ],
    "username": "pacijent3",
    "password": "p3",
    "name": "Gogi",
    "surname": "Gogicevic",
    "doB": "2005-03-02T00:00:00",
    "phoneNum": null,
    "email": null,
    "userID": "3",
    "isGuest": false,
    "serialize": true,
    "address": null
  },
  "5": {
    "isBanned": false,
    "theme": null,
    "language": null,
    "appointmentIDs": [],
    "allergens": [
      {
        "allergenId": "220502012131430395",
        "serialize": false
      },
      {
        "allergenId": "220502012131442050",
        "serialize": false
      }
    ],
    "bloodType": 0,
    "gender": 0,
    "doctor": {
      "userID": "3"
    },
    "datesOfCanceledAppointments": [],
    "appointmentCancellationTimes": [],
    "therapies": [],
    "username": "pacijent5",
    "password": "p5",
    "name": "Miki",
    "surname": "Mikojla",
    "doB": "1995-06-28T00:00:00",
    "phoneNum": "",
    "email": "",
    "userID": "5",
    "isGuest": false,
    "serialize": true,
    "address": null
  }
}