{
  "220504081238938294": {
    "doctor": {
      "userID": "2"
    },
    "patient": {
      "userID": "2"
    },
    "issueDate": "2022-05-04T20:12:38.9382939+02:00",
    "description": "hhh",
    "medicationNameAndDosage": "Xanax 400mg",
    "id": "220504081238938294"
  },
  "220504085718824725": {
    "doctor": {
      "userID": "2"
    },
    "patient": {
      "userID": "2"
    },
    "issueDate": "2022-05-04T00:00:00+02:00",
    "description": "Po potrebi",
    "medicationNameAndDosage": "Lexilium 2mg",
    "id": "220504085718824725"
  }
}