{
  "220503052450158693": {
    "room": {
      "roomName": "S1",
      "roomType": 0
    },
    "inventory": {
      "inventoryID": "1",
      "name": "Sto",
      "serialize": false,
      "inventoryType": 0,
      "InventoryTypeToString": "Potrosna"
    },
    "amount": 7,
    "id": "220503052450158693",
    "date": "2022-05-03T00:00:00",
    "serialize": true
  },
  "220503064313036713": {
    "room": {
      "roomName": "S1",
      "roomType": 0
    },
    "inventory": {
      "inventoryID": "5",
      "name": "Stetoskop",
      "serialize": false,
      "inventoryType": 0,
      "InventoryTypeToString": "Potrosna"
    },
    "amount": 1,
    "id": "220503064313036713",
    "date": "2022-05-03T00:00:00",
    "serialize": true
  },
  "220503104102867396": {
    "room": {
      "roomName": "O1",
      "roomType": 0
    },
    "inventory": {
      "inventoryID": "11",
      "name": "Operaciona lampa",
      "serialize": false,
      "inventoryType": 0,
      "InventoryTypeToString": "Potrosna"
    },
    "amount": 5,
    "id": "220503104102867396",
    "date": "2022-05-04T00:00:00",
    "serialize": true
  },
  "220505105351511460": {
    "room": {
      "roomName": "S1",
      "roomType": 0
    },
    "inventory": {
      "inventoryID": "3",
      "name": "Zavoj",
      "serialize": false,
      "inventoryType": 0,
      "InventoryTypeToString": "Potrosna"
    },
    "amount": 10,
    "id": "220505105351511460",
    "date": "2022-05-05T00:00:00",
    "serialize": true
  },
  "220505110137228001": {
    "room": {
      "roomName": "S1",
      "roomType": 0
    },
    "inventory": {
      "inventoryID": "5",
      "name": "Stetoskop",
      "serialize": false,
      "inventoryType": 0,
      "InventoryTypeToString": "Potrosna"
    },
    "amount": 1,
    "id": "220505110137228001",
    "date": "2022-05-05T00:00:00",
    "serialize": true
  },
  "220511111509507428": {
    "room": {
      "roomName": "S2",
      "roomType": 0
    },
    "inventory": {
      "inventoryID": "3",
      "name": "Zavoj",
      "serialize": false,
      "inventoryType": 0,
      "InventoryTypeToString": "Potrosna"
    },
    "amount": 10,
    "id": "220511111509507428",
    "date": "2022-05-11T00:00:00",
    "serialize": true
  },
  "220511111533386330": {
    "room": {
      "roomName": "S2",
      "roomType": 0
    },
    "inventory": {
      "inventoryID": "7",
      "name": "Igla",
      "serialize": false,
      "inventoryType": 0,
      "InventoryTypeToString": "Potrosna"
    },
    "amount": 33,
    "id": "220511111533386330",
    "date": "2022-05-11T00:00:00",
    "serialize": true
  },
  "220511112349887256": {
    "room": {
      "roomName": "P2",
      "roomType": 0
    },
    "inventory": {
      "inventoryID": "7",
      "name": "Igla",
      "serialize": false,
      "inventoryType": 0,
      "InventoryTypeToString": "Potrosna"
    },
    "amount": 5,
    "id": "220511112349887256",
    "date": "2022-05-11T00:00:00",
    "serialize": true
  },
  "220511112422798238": {
    "room": {
      "roomName": "P2",
      "roomType": 0
    },
    "inventory": {
      "inventoryID": "1",
      "name": "Sto",
      "serialize": false,
      "inventoryType": 0,
      "InventoryTypeToString": "Potrosna"
    },
    "amount": 11,
    "id": "220511112422798238",
    "date": "2022-05-11T00:00:00",
    "serialize": true
  },
  "220512012146907196": {
    "room": {
      "roomName": "P3",
      "roomType": 0
    },
    "inventory": {
      "inventoryID": "1",
      "name": "Sto",
      "serialize": false,
      "inventoryType": 0,
      "InventoryTypeToString": "Potrosna"
    },
    "amount": 10,
    "id": "220512012146907196",
    "date": "2022-05-12T00:00:00",
    "serialize": true
  },
  "220512052228276759": {
    "room": {
      "roomName": "S2",
      "roomType": 2
    },
    "inventory": {
      "inventoryID": "10",
      "name": "viljuska",
      "serialize": false,
      "inventoryType": 0,
      "InventoryTypeToString": "Potrosna"
    },
    "amount": 2,
    "id": "220512052228276759",
    "date": "2022-05-12T00:00:00",
    "serialize": true
  },
  "220512063312358262": {
    "room": {
      "roomName": "P3",
      "roomType": 2
    },
    "inventory": {
      "inventoryID": "7",
      "name": "Igla",
      "serialize": false,
      "inventoryType": 0,
      "InventoryTypeToString": "Potrosna"
    },
    "amount": 1,
    "id": "220512063312358262",
    "date": "2022-05-12T00:00:00",
    "serialize": true
  },
  "220524095037423750": {
    "room": {
      "roomName": "P3",
      "roomType": 2
    },
    "inventory": {
      "inventoryID": "8",
      "name": "Solja",
      "serialize": false,
      "inventoryType": 0,
      "InventoryTypeToString": "Potrosna"
    },
    "amount": 2,
    "id": "220524095037423750",
    "date": "2022-05-24T00:00:00",
    "serialize": true
  },
  "220524095037764752": {
    "room": {
      "roomName": "P3",
      "roomType": 2
    },
    "inventory": {
      "inventoryID": "9",
      "name": "Masina",
      "serialize": false,
      "inventoryType": 0,
      "InventoryTypeToString": "Potrosna"
    },
    "amount": 8,
    "id": "220524095037764752",
    "date": "2022-05-24T00:00:00",
    "serialize": true
  },
  "220611115315270749": {
    "room": {
      "roomName": "R5",
      "roomType": 1
    },
    "inventory": {
      "inventoryID": "3",
      "name": "Zavoj",
      "serialize": false,
      "inventoryType": 0,
      "InventoryTypeToString": "Potrosna"
    },
    "amount": 3,
    "id": "220611115315270749",
    "date": "2022-06-11T00:00:00",
    "serialize": true
  },
  "220611115344351802": {
    "room": {
      "roomName": "SR",
      "roomType": 2
    },
    "inventory": {
      "inventoryID": "3",
      "name": "Zavoj",
      "serialize": false,
      "inventoryType": 0,
      "InventoryTypeToString": "Potrosna"
    },
    "amount": 2,
    "id": "220611115344351802",
    "date": "2022-06-11T00:00:00",
    "serialize": true
  },
  "220612121801362947": {
    "room": {
      "roomName": "S1",
      "roomType": 2
    },
    "inventory": {
      "inventoryID": "10",
      "name": "tiganj",
      "serialize": false,
      "inventoryType": 0,
      "InventoryTypeToString": "Potrosna"
    },
    "amount": 1,
    "id": "220612121801362947",
    "date": "2022-06-12T00:00:00",
    "serialize": true
  }
}