{
  "S1": {
    "floorNumber": 1,
    "roomName": "S1",
    "isAvailable": true,
    "roomType": 2,
    "serialize": true
  },
  "O1": {
    "floorNumber": 1,
    "roomName": "O1",
    "isAvailable": true,
    "roomType": 0,
    "serialize": true
  },
  "S2": {
    "floorNumber": 1,
    "roomName": "S2",
    "isAvailable": true,
    "roomType": 2,
    "serialize": true
  },
  "P2": {
    "floorNumber": 2,
    "roomName": "P2",
    "isAvailable": true,
    "roomType": 1,
    "serialize": true
  },
  "P3": {
    "floorNumber": 1,
    "roomName": "P3",
    "isAvailable": true,
    "roomType": 1,
    "serialize": true
  },
  "SR": {
    "floorNumber": 1,
    "roomName": "SR",
    "isAvailable": true,
    "roomType": 2,
    "serialize": true
  },
  "R5": {
    "floorNumber": 3,
    "roomName": "R5",
    "isAvailable": true,
    "roomType": 1,
    "serialize": true
  }
}