{
  "220521093444580682": {
    "Doctor": {
      "userID": "2"
    },
    "StartDate": "2022-05-24T00:00:00",
    "EndDate": "2022-05-30T00:00:00",
    "Status": 1,
    "ReasonForVacation": "fhgfb",
    "Id": "220521093444580682"
  },
  "220522081634206580": {
    "Doctor": {
      "userID": "2"
    },
    "StartDate": "2022-06-03T00:00:00",
    "EndDate": "2022-06-06T00:00:00",
    "Status": 1,
    "ReasonForVacation": "fgbvgfn",
    "Id": "220522081634206580"
  },
  "220522081723294717": {
    "Doctor": {
      "userID": "3"
    },
    "StartDate": "2022-05-24T00:00:00",
    "EndDate": "2022-05-28T00:00:00",
    "Status": 1,
    "ReasonForVacation": "fgnbvbc ",
    "Id": "220522081723294717"
  }
}